"TargetModule","Coverage"
"buy_sell_stock","1.0"
"climbing_stairs","1.0"
"coin_change","1.0"
"combination_sum","1.0"
"edit_distance","1.0"
"egg_drop","1.0"
"fib","1.0"
"hosoya_triangle","1.0"
"house_robber","1.0"
"int_divide","1.0"
"job_scheduling","1.0"
"knapsack","1.0"
"all_pairs_shortest_path","1.0"
"bellman_ford","0.9411764705882353"
"check_bipartite","0.8823529411764706"
"check_digraph_strongly_connected","0.8888888888888888"
"clone_graph","0.9354838709677419"
"count_connected_number_of_component","0.5714285714285714"
"buy_sell_stock","1.0"
"climbing_stairs","1.0"
"coin_change","1.0"
"combination_sum","1.0"
"edit_distance","1.0"
"buy_sell_stock","1.0"
"climbing_stairs","1.0"
"coin_change","1.0"
"combination_sum","1.0"
"edit_distance","1.0"
"egg_drop","1.0"
"fib","1.0"
"hosoya_triangle","1.0"
"house_robber","1.0"
"int_divide","1.0"
"job_scheduling","0.8888888888888888"
"knapsack","1.0"
"k_factor","1.0"
"longest_common_subsequence","1.0"
"longest_increasing","0.7692307692307693"
"matrix_chain_order","0.9047619047619048"
